,A,B,C,D
2000-01-01,0.5864560187028924,-0.7847350449537497,-0.4425473032522972,-0.4775590074723263
2000-01-02,1.2570409155882962,-0.03254724303259682,1.4139153574888539,-0.24599414022826624
2000-01-03,0.9422723476618645,2.031358054031308,1.2700197262256354,-0.5531074981282267
2000-01-04,1.9908496032059793,3.2167722546967576,0.11169727629559079,-1.237701544969203
2000-01-05,2.7610010365736106,2.683350165509493,0.13475537694389123,-1.003276360467032
2000-01-06,1.874753622893047,2.674205236266165,-1.4123858301603944,-2.1140226419117933
2000-01-07,3.297509387290991,3.3682745422404246,-2.673754995495369,-2.762435798824839
2000-01-08,2.5820026702570087,2.721385935673953,-1.6852129208515043,-1.316064278398499
2000-01-09,1.5385033246917668,2.229248398744734,-2.5025381347757825,-1.2050039732300175
2000-01-10,0.9213889007917697,2.7208249032229914,-1.884569074215284,-2.0998624192839577
2000-01-11,1.1424061609239944,3.982964793583242,-2.062549139417519,-4.369395919252481
2000-01-12,0.7009047684968228,5.366186607594594,-1.2878966872231428,-4.1146016415790605
2000-01-13,1.7421191560559768,4.731469663100047,-3.778381805569225,-5.329186344682177
2000-01-14,3.3366108043312064,5.260011289042932,-4.042270849218745,-6.510990196400063
2000-01-15,3.763822174063288,5.081661333805329,-3.8785509132795957,-7.157837090707451
2000-01-16,2.711815208041875,4.95503310037694,-4.04620831649559,-6.773466606302811
2000-01-17,1.5984639985284064,4.922719108827447,-4.974410044562929,-7.862685425602581
2000-01-18,1.348330166060534,3.6669563832935217,-6.611593736037671,-6.455101508923035
2000-01-19,2.0220179879916698,2.2286041874360905,-6.460219996505153,-6.527423522691389
2000-01-20,1.3439380907270346,2.028431022402431,-5.835130548905647,-5.588580353103956
2000-01-21,1.4696133324498162,2.009461088601266,-4.974795892916976,-4.83180314155598
2000-01-22,1.311791822958906,2.0522914630032236,-4.611075399128722,-4.0707167859212365
2000-01-23,0.7019285917008903,3.0985119657748688,-4.737738271553794,-5.360236823106225
2000-01-24,1.5230163752495212,3.1917683264473866,-4.409374701992594,-5.677638875783045
2000-01-25,-0.47717992722122715,2.4366553297433904,-5.063234685877028,-7.085760365364247
2000-01-26,0.1334188442811859,1.4727791002963864,-4.301204548430553,-6.255769188103415
2000-01-27,0.928003154745989,2.445713844455141,-5.080872315606235,-5.2215470170310745
2000-01-28,-0.4745013183154434,4.427031292994108,-4.094910404745805,-5.256602329782334
2000-01-29,-0.10739792066648912,5.222314397540882,-2.6430993261558813,-5.246283904512364
2000-01-30,0.2875619177455286,6.229009619213182,-2.8440333864457275,-6.047764771165536
2000-01-31,0.08224318930094235,5.723979360970337,-5.822096069145628,-6.121677178049427
2000-02-01,0.1460236211159175,6.126055212710363,-5.019852599077543,-5.914467021121036
2000-02-02,0.4902130240488792,7.3092532400594585,-5.09931082267914,-6.693754600558636
2000-02-03,0.33788349847428756,6.342592177446827,-5.212023159015363,-7.231575896811152
2000-02-04,0.507923620999817,6.819405824466224,-6.008865344777223,-6.569376024418295
2000-02-05,0.18887886607976334,7.072811672940609,-7.696059590530743,-6.813201421452826
2000-02-06,-0.25020290882315604,7.964479587399769,-6.7023777717636515,-7.722341151317069
2000-02-07,-0.007588604007185862,7.079409726770019,-8.069040354024652,-7.151781095558407
2000-02-08,0.18943824668058848,7.711821307388867,-8.89735751666803,-7.377597229656746
2000-02-09,0.9389834095013206,8.082949028699007,-7.646421757686897,-7.7222036136880154
2000-02-10,1.2095523101558807,9.343831216109276,-7.831160271979846,-8.027731869595469
2000-02-11,0.8091592012452904,7.357905618152472,-8.694332311746821,-7.979334625384973
2000-02-12,0.6486594260299188,6.545647077848333,-8.25083076900319,-7.62011656086011
2000-02-13,1.386279418870842,5.748474232171367,-8.854022176889048,-8.654989724944372
2000-02-14,1.801539411679082,5.732489315340353,-10.059033308604757,-7.704999960901791
2000-02-15,2.7472864806405033,7.64603002040334,-9.069867898287194,-6.712765684945174
2000-02-16,3.458408143395755,9.415471282545862,-8.722177862625559,-7.464774837789139
2000-02-17,4.0871867248683085,8.994165033967041,-8.525692046572988,-6.339370769109411
2000-02-18,4.790605871088367,7.38947863248943,-8.138394301622398,-7.060375378921609
2000-02-19,5.6960666202698285,6.6026952698612495,-8.8386408462657,-8.03455944478083
2000-02-20,7.181693614370628,5.030401214000673,-10.834341772333705,-8.844437440876403
2000-02-21,7.9419568925484985,4.249501117279185,-11.024613390941568,-9.137936512297145
2000-02-22,7.997263582381693,3.642277484262351,-9.39846753835546,-8.108397817457636
2000-02-23,7.844500520777328,3.305540301387566,-8.446564431135815,-8.505478707307208
2000-02-24,8.932777782784125,4.670648827565904,-8.562357879841464,-8.414370147812127
2000-02-25,9.842876142914616,4.778624828942352,-8.413088778293428,-8.971370388148916
2000-02-26,9.8727058898613,4.799783200057615,-8.590684586844752,-10.339810356261976
2000-02-27,9.755072964666667,4.168171346474963,-7.326293047116502,-10.951269498771518
2000-02-28,11.197586941116958,3.528337290839167,-6.609833014717268,-10.661579304795616
2000-02-29,8.322079282675443,2.636948122587201,-6.670837160025133,-10.951465368160763
2000-03-01,7.653526788450623,1.6988206674385333,-7.671877817171033,-12.380481101835848
2000-03-02,8.130154425065466,2.4340837400411215,-9.270723711209747,-10.819523107083478
2000-03-03,8.137860967892971,2.447160685860534,-9.228580293272882,-11.024768204442053
2000-03-04,9.20760447363072,2.5134037564982226,-8.462773777197542,-10.941548748749602
2000-03-05,9.681586974635565,2.452128503758604,-7.581984349435575,-11.871741993604811
2000-03-06,9.84418036504878,0.31027263518729153,-7.1660710151121085,-10.739249734098369
2000-03-07,10.402315107266748,0.820434140372405,-7.704689020542074,-8.094768286741294
2000-03-08,11.623495564548335,0.3075849932571111,-8.279552640791117,-8.604946901159993
2000-03-09,12.483783128526651,-0.05847032538602159,-6.505487496445904,-8.405494314260963
2000-03-10,11.18905299426321,-0.42547628576641305,-9.100113475476787,-6.431231438557589
2000-03-11,11.88304575998729,-0.8874266925479349,-9.142598195450566,-7.759594931336263
2000-03-12,11.145478692586748,-2.09186609846432,-9.29827147293724,-8.712609502032842
2000-03-13,12.202683580097627,-2.7284712233086243,-9.05925454490155,-9.599184311577476
2000-03-14,13.85415698822126,-3.3831741916148177,-8.859218080589514,-11.000533150409648
2000-03-15,14.639507350972583,-1.2019166548230782,-10.0259800818873,-11.832174502098324
2000-03-16,13.828695673664546,0.36249942750692643,-8.589928399040993,-12.96738283713658
2000-03-17,13.029800927093428,2.338886497638683,-10.007600593809624,-13.120274579461938
2000-03-18,14.271930946912722,2.5714767735250628,-9.435682519015854,-10.780210918931763
2000-03-19,14.607420632185141,2.6699317555017936,-8.815201179131352,-10.101910106572467
2000-03-20,12.862878888703058,2.3071964796055795,-7.4654831802245045,-9.21330545006429
2000-03-21,14.43673236553754,1.7608660928945359,-8.316382832835844,-9.236524516716832
2000-03-22,13.775903616288579,4.4060048239172955,-7.394424552456911,-7.66224973853596
2000-03-23,14.41904432221537,2.5517396082809976,-6.575821932972141,-7.717593757803814
2000-03-24,12.040896365110793,3.037371294471639,-7.013329819904808,-6.998834380479568
2000-03-25,10.404035402861211,4.336305001251804,-6.690985617332578,-6.497197898242967
2000-03-26,9.431141785544265,4.872475313987553,-7.32088619120132,-4.962193147364137
2000-03-27,11.313055633039925,6.280339243638004,-6.673472601414987,-5.790814237188472
2000-03-28,11.367848193660897,6.21435717280805,-6.295529511233336,-4.576930347698611
2000-03-29,10.912256465067024,6.986176302973357,-4.974296488813675,-2.823475300174861
2000-03-30,11.381378347956716,6.998061246302791,-5.09299148166114,-2.634709330503335
2000-03-31,9.586705800132188,6.339415554587481,-4.112652248407912,-3.006236857526526
2000-04-01,8.288135184954687,6.496877330619408,-5.168719866506779,-3.486656819259844
2000-04-02,8.275150093285378,6.8325590899347315,-5.019997701347347,-3.0679908208962665
2000-04-03,7.283601493588512,6.902578175883799,-5.331210171819759,-2.0943305711591957
2000-04-04,5.509425487845131,5.505454282986934,-7.027942045241014,-2.060829463943168
2000-04-05,3.9474874124762143,5.434275854501182,-7.164457145787338,0.06635170300938409
2000-04-06,4.657337938850409,4.17735069704354,-9.578254760581181,0.9327602996439464
2000-04-07,3.8244100117047344,6.141819124125987,-9.387120435126837,1.63179304158722
2000-04-08,1.0852693199213892,5.702478214956727,-9.166612098012527,1.3784545805961552
2000-04-09,2.8985224612701392,5.433830681350674,-10.376612413349568,1.131292140996634
2000-04-10,2.4125847453087266,5.235462646863063,-11.078535008181275,2.2863904784191984
2000-04-11,2.9550899643816324,3.9510687043789483,-11.902863326612126,2.1351530152992733
2000-04-12,1.5349045378555213,3.4999178621383047,-12.511844898143895,3.1517382236243527
2000-04-13,3.505253588082379,4.384964842646724,-11.345516848301203,3.4484503916237856
2000-04-14,2.726464478225441,4.567756923780147,-8.391253134783671,3.5327886536181037
2000-04-15,3.0115904329947867,4.896628595177594,-7.9467022743943625,2.5501340077044614
2000-04-16,1.0197407751664496,6.3744253055265245,-8.47446174963419,3.9593885601936485
2000-04-17,0.6557762413728163,5.7245221803596085,-8.521964945151616,3.9888265151581144
2000-04-18,1.2924490208400445,5.3896132183327925,-7.048105602119086,4.958332357083351
2000-04-19,1.5528793911918604,5.690834506159032,-6.755453164049109,4.682466362697972
2000-04-20,2.2363358293732265,5.025587056539839,-6.192252067274153,3.0999711284687024
2000-04-21,2.9545842459117804,5.502774102056577,-8.07379143637381,2.4560650474890684
2000-04-22,4.893656671264777,5.5607942916957604,-7.402467396214478,1.89667413904792
2000-04-23,5.784967051634805,6.164898482495674,-5.941067964777089,-0.04798192974819582
2000-04-24,3.701908849969034,7.11159307965144,-6.905424406095966,0.12085667344735845
2000-04-25,4.378542916233108,6.121439224853728,-7.15847820751692,0.4131038874464325
2000-04-26,4.917442781172616,5.7981662654592405,-6.898330111044682,0.2717227237151648
2000-04-27,5.614309780251556,7.547148439242488,-7.754829926254545,0.20472497082217594
2000-04-28,5.351324972855409,7.233278379987279,-8.949449715528868,0.9342734039846858
2000-04-29,7.140457809526341,7.178230724067992,-8.50742079684068,0.021402951944430315
2000-04-30,6.841563596648137,7.808175322913467,-8.035616566385247,-0.7387814153517033
2000-05-01,6.306534721168831,9.863994393070493,-9.930603562798558,-1.3305310141439453
2000-05-02,6.763768904527964,10.41110015437033,-10.004928335341294,-1.983532178917919
2000-05-03,7.02425944133473,9.344343588556374,-9.378076372888485,-1.1402409612502533
2000-05-04,8.382682298979148,9.666214089502484,-7.999111533132261,-2.0356212477140527
2000-05-05,7.005722108834189,7.818093480213859,-8.205656902418477,-1.8542180700322242
2000-05-06,6.622276663079251,7.8540572219466815,-8.89137277912481,-1.144702521645252
2000-05-07,4.565414946387256,7.169082503964542,-9.390028195187385,-0.5891624312527628
2000-05-08,3.464351546347229,7.281038298347754,-9.605884870970463,-1.3751343878947795
2000-05-09,4.1557431327613115,7.496220097272567,-8.745720110583829,-1.7134500962126975
2000-05-10,5.717875340799985,9.425773399578453,-9.347349549045592,-3.037834849159381
2000-05-11,5.08925341917254,9.290915718963031,-8.960713909755237,-5.326221403748093
2000-05-12,5.142214618461799,10.052095423129629,-8.097300128427273,-4.032588151437997
2000-05-13,5.347663280231709,9.39384909186655,-7.304943796431751,-1.7078829560385693
2000-05-14,5.7023496496313015,9.465527930638016,-7.8549771726036,-2.5858468281819986
2000-05-15,6.636256228510458,10.789148049981542,-8.818814913280798,-1.8492953490799775
2000-05-16,6.39257883730593,9.724002859280017,-9.958164856555012,-2.406465830956252
2000-05-17,5.859131211602707,9.152724800931574,-9.261389764227644,-5.347169412978081
2000-05-18,4.847613850218774,8.909834674986643,-10.816984072383239,-6.551083810486626
2000-05-19,6.291920121581322,7.143868726514985,-10.113402058689212,-6.717999122528121
2000-05-20,5.291666275799712,8.570785381401446,-11.185309283820105,-6.909347226367932
2000-05-21,6.799583034772375,7.933161303957623,-11.80589155358273,-8.744385708066584
2000-05-22,6.160311342670531,7.42228719311432,-9.959846848144037,-9.810999807487757
2000-05-23,6.073619837474937,9.871409815024183,-11.164780079138943,-9.790371854106729
2000-05-24,6.720954576779811,9.380102216499296,-13.024041569163858,-10.138906080700194
2000-05-25,5.535039373554432,8.096707320107901,-14.479303875496889,-11.129716564517189
2000-05-26,4.413645285028322,8.0240699466725,-13.301730415472967,-11.293499397004163
2000-05-27,2.8900988086604036,8.25316096995624,-10.802984829621261,-10.38696567125185
2000-05-28,4.187508183002957,7.965443207415775,-11.74257452326074,-10.09920133332613
2000-05-29,5.1710469523886475,7.469801418423062,-13.301584585368026,-9.048028806817767
2000-05-30,5.553404808474742,7.34215206122851,-11.248042229874995,-9.115675580335216
2000-05-31,5.210528829122595,8.432036207484527,-13.717391116112779,-7.407220947596017
2000-06-01,6.01490746434132,5.637508320643745,-12.561304775687335,-6.649189881759728
2000-06-02,6.28737286101802,5.46124039751341,-13.3252044165694,-5.413707600456291
2000-06-03,4.895101877494608,4.144622258803074,-11.716116729281485,-6.011104739437581
2000-06-04,5.586462603581762,4.822163726733741,-12.514659934270608,-5.188308795542431
2000-06-05,4.826481195610631,5.721720040001316,-12.97467178182309,-5.2201258869393605
2000-06-06,4.00537672181252,8.176755859260943,-14.042015421764738,-5.068811255853153
2000-06-07,3.451368803422552,7.6870150302056475,-15.708417914271696,-5.013765333715617
2000-06-08,2.73141545639899,8.58883612283541,-15.764741170471487,-3.967264752875938
2000-06-09,3.6921933490218577,9.423986697002832,-15.116608169041235,-4.574444551074393
2000-06-10,2.1273250701578648,10.379120226466712,-14.642885599343382,-4.508413682582546
2000-06-11,1.6416598964585027,9.999697027261583,-17.96884165878855,-4.680204642511262
2000-06-12,0.659135018083612,9.730180413582604,-18.05741841636153,-6.745524440328189
2000-06-13,1.2045752072195224,9.872843526119539,-16.68301261335518,-5.689348752168414
2000-06-14,1.3861721083755767,9.63000121654999,-15.964906754079056,-6.005432959933556
2000-06-15,2.798551161079802,8.620546109705288,-14.843229029472557,-6.450324612903962
2000-06-16,2.481718114186269,8.6172690612657,-12.286524681942195,-6.990661607017536
2000-06-17,2.2988435585585743,8.219764318736033,-13.853664276385308,-6.293306269610017
2000-06-18,1.7910363825314146,9.028304769227102,-12.433376374984297,-6.183675742807333
2000-06-19,3.185766476889259,9.11465200671816,-12.02102287781283,-5.848941764921025
2000-06-20,3.1544939802856957,10.362803615342692,-11.731392134974008,-5.265587800649534
2000-06-21,3.1057795166424276,10.64796590636592,-11.659472544386459,-4.193233551080685
2000-06-22,2.772476561591863,10.848447153147173,-12.8455361174373,-4.3124360103613375
2000-06-23,2.5243577243781137,11.040468234464727,-14.572167937799502,-3.9946922176694746
2000-06-24,3.489527837171096,10.11037588705755,-14.731594512015839,-5.471552762328573
2000-06-25,2.4006962373709837,11.233384162521018,-13.320766652298282,-4.665754812790396
2000-06-26,3.262528167655376,10.104925048815119,-13.623031771864802,-6.477715346989251
2000-06-27,3.095236034535159,10.551913501530217,-14.968538856086752,-6.071854803001792
2000-06-28,4.231724101712086,10.31239625379251,-14.124843089031849,-5.404877980782649
2000-06-29,3.8467883299814245,9.302588141895122,-12.723018583995856,-4.781806619149108
2000-06-30,4.487683840494157,8.042583770903383,-11.191110740080816,-4.106337588085034
2000-07-01,5.350882914840618,8.507104985134676,-11.914361245162223,-3.5190445977344544
2000-07-02,6.011720134708349,7.955154973423316,-13.751046268436287,-3.7376182887810616
2000-07-03,7.726904746653764,8.327356048906402,-13.396735376684095,-2.811564872238084
2000-07-04,8.222241293972852,7.309035695787914,-12.337255260882587,-3.4802956632380764
2000-07-05,7.795747747310679,6.287585597715689,-13.743985507386892,-3.6868382898566274
2000-07-06,8.365014822429124,5.9984948675056975,-12.463373895807461,-6.245105492600043
2000-07-07,8.735798841981328,6.584800195349681,-12.92414784085415,-6.331235295791733
2000-07-08,10.446477208460008,6.55977931536379,-12.090593205504609,-5.894254510072252
2000-07-09,9.177861032605545,5.3796710383408834,-11.47174717961972,-6.0527255686008035
2000-07-10,8.941203070938817,3.60233886760321,-11.234050733929406,-5.763246166122593
2000-07-11,8.719546625866665,4.86610431717208,-10.586190058402728,-5.263995245121384
2000-07-12,8.827025462911987,5.030910605918198,-11.272847429007319,-5.693225776476553
2000-07-13,9.407723316452433,5.4670488582633885,-11.707927157661365,-4.257057779061178
2000-07-14,9.29736055758532,6.33192230228234,-10.748668216306545,-4.417233099143725
2000-07-15,10.137151493969053,6.100824030638138,-9.77103168303294,-4.786582500872218
2000-07-16,8.845948901150361,5.5866932600372055,-11.000516140680345,-6.807492205330733
2000-07-17,11.379227336013873,6.538592174190542,-9.61722016364207,-5.610952799445375
2000-07-18,10.277698153806924,6.891779514548786,-9.297442986817863,-6.044267576877966
2000-07-19,10.026545905028312,7.841666493600493,-9.28582638563664,-5.128296240082117
2000-07-20,11.735683288910012,8.831512106778913,-10.583020462032868,-5.508133838274773
2000-07-21,12.158751759761028,8.058408579482588,-11.64532513422944,-3.5643806346592513
2000-07-22,11.958505285316491,7.410025163624424,-11.772242948825085,-3.9153753129052484
2000-07-23,12.334524948467577,7.45320445589916,-11.681745988119626,-2.6249908421133403
2000-07-24,12.793620523572127,6.413350085090677,-11.957633253524886,-1.3546252831589487
2000-07-25,13.319334716079531,8.183591031945124,-12.043722260502722,-3.001910499912571
2000-07-26,12.108143761861246,8.22987331481985,-11.432034035181614,-4.518498758678366
2000-07-27,10.599684770458431,8.123828386539852,-11.867691993541861,-4.971705312204895
2000-07-28,11.94110780640727,9.133298654001742,-11.686457156790182,-5.195632590850679
2000-07-29,12.313731781539586,10.292717501977213,-9.847288169712998,-5.078322662186072
2000-07-30,13.229383886531192,11.296601148828199,-10.786727511658832,-6.205104773635303
2000-07-31,13.289954739484406,12.144046097376684,-8.846757787560993,-7.1649836601333865
2000-08-01,13.50463975959566,13.155082694944685,-8.927076871263564,-7.24811877479796
2000-08-02,13.97089233869474,13.52529516771633,-8.867337180170377,-7.874712339286933
2000-08-03,13.16391223243311,13.238649021168294,-7.6482825334009235,-7.489353837481108
2000-08-04,14.447309647536574,13.096556404100955,-8.667920159594606,-7.226905670325351
2000-08-05,11.928615510034835,14.263163331760136,-8.877057978622862,-6.4860100593753565
2000-08-06,10.850794979740717,15.810857728135495,-12.326924539131962,-6.532099038805292
2000-08-07,9.607529306894408,16.6086024360356,-10.762028965328614,-6.900746988666803
2000-08-08,10.245441169177152,17.396954841632326,-11.581634499759392,-6.45223655718489
2000-08-09,11.017596996779504,18.451297755018782,-12.65623958219496,-6.543320346462825
2000-08-10,12.56032608783102,18.511512667793912,-13.156910443627854,-6.885351400682235
2000-08-11,13.460487722553454,16.65938646670238,-9.909342012158607,-5.593902412596423
2000-08-12,15.6350774408577,16.735435466221485,-8.847831594224955,-6.163031794487502
2000-08-13,15.180132735434478,18.981539522310662,-6.070615990937864,-6.0029146225135905
2000-08-14,17.00044895088473,18.15747054137488,-7.271460484316677,-7.939393439439177
2000-08-15,15.967610649607,19.905474647276545,-5.766124168509399,-6.88413262988335
2000-08-16,15.870151469211958,19.900044388996466,-6.6219411764190586,-5.068234757385875
2000-08-17,15.042113322051874,19.297180468051938,-6.193005772951089,-5.227693470214798
2000-08-18,13.875964593320868,19.11717854281156,-5.032078126389749,-4.887668956370448
2000-08-19,13.741596058954983,19.75768586472566,-5.021364503584611,-2.68322036150567
2000-08-20,15.093821113964498,20.20621198208383,-4.597373693221471,-3.747731669471853
2000-08-21,16.8974476055107,20.600593203497642,-4.377833111552564,-5.141963100434346
2000-08-22,18.55958671061321,20.44939538481888,-4.9504421418166995,-5.0570083464649915
2000-08-23,18.445978084201016,21.508758097103165,-6.251035710102506,-4.345995605150732
2000-08-24,18.223164772965152,22.070558137825014,-5.895360047129277,-4.972248685868397
2000-08-25,18.14336604690122,21.081944386593488,-7.340414098535003,-5.496176318626553
2000-08-26,18.09301971687761,20.622409557669105,-5.254870212826263,-4.58249214086972
2000-08-27,18.79019378305765,19.282638570497397,-5.600047447492269,-5.40474012081851
2000-08-28,19.018199241498245,17.255825509425446,-4.963952122109823,-6.389953489885501
2000-08-29,20.203865710891137,14.56878944555516,-6.6599390046722275,-6.81740553463024
2000-08-30,18.678297544800444,14.462962197086128,-7.4612012887180486,-5.834769142101483
2000-08-31,19.01666661183453,15.122514982921585,-7.558438066805778,-6.806515715298159
2000-09-01,17.72641310562048,12.812510139709193,-6.76436519293664,-6.8521273509049125
2000-09-02,16.925903601283743,12.676271491062908,-6.060650625401176,-6.118523801463798
2000-09-03,16.269342700405964,12.645712097209204,-7.175398456231037,-5.968097460759112
2000-09-04,15.119348727460928,12.877639356885243,-6.8615837702787426,-6.710575259618117
2000-09-05,14.038443405408504,11.19342127689948,-6.690370730384383,-6.215965333269813
2000-09-06,14.19869994068571,10.687290622727662,-6.653614771430585,-4.242081368677669
2000-09-07,15.09335733490974,11.36222390418887,-5.678840029525526,-2.7117593074600217
2000-09-08,15.096751702602004,10.720057480753503,-6.6376609502014965,-2.924535671284339
2000-09-09,13.649595298969663,10.841272418276965,-4.960884480526968,-2.0657760939622367
2000-09-10,13.035631641320718,10.165372404956557,-2.61136444147337,-3.887071717224347
2000-09-11,12.218555982187366,8.47874949601493,-1.8317764452042855,-2.875880232811519
2000-09-12,11.921088271956066,8.643473606877958,-4.25579010169986,-3.774526578573422
2000-09-13,12.338656512532095,8.617383039122018,-4.434739810365012,-4.102136675524942
2000-09-14,11.287427164389008,8.695804044110771,-4.053134012479072,-3.776708118560032
2000-09-15,9.084444579400028,9.327905527126825,-3.2665618869504582,-5.182321715202162
2000-09-16,9.660214487737203,9.560459048977998,-2.3842962978157214,-3.9433583799463996
2000-09-17,10.726095867656053,11.07193199319428,-1.100797355544893,-4.28848250842558
2000-09-18,11.519545311021604,11.488695610033721,-0.5208387857783079,-5.2470391866185215
2000-09-19,10.85566885273101,9.816184172014728,-0.09460689180291165,-5.0797735792991
2000-09-20,10.607437045735074,10.577790764381193,0.8057605077714733,-4.641167549135971
2000-09-21,10.706502831202677,10.052931785010887,1.213541286428803,-5.514853231959715
2000-09-22,11.99987963617183,11.17971929588485,0.837600479190681,-6.199757323889372
2000-09-23,12.199402917976276,11.632016237399641,-0.23075002267868316,-7.042841997508895
2000-09-24,11.982430228942949,12.148722538378129,1.1765832192462846,-7.088786861888033
2000-09-25,11.118189212972506,12.033383050728,1.6942510089553466,-7.771306372082581
2000-09-26,10.838726974767525,11.750433287223656,1.602151285024637,-7.753220907109559
2000-09-27,9.321075751871685,10.825256054066122,1.4674765690691056,-7.6919182636673895
2000-09-28,10.781619401506147,10.074214550548502,1.332361399891563,-9.471668231769314
2000-09-29,10.65620129322941,9.634381701378377,1.3653878351362199,-10.415531111710834
2000-09-30,7.852388653723292,9.27177214590699,0.4468978060512595,-9.65747673938579
2000-10-01,9.322564131887903,9.725058113394757,-0.5827326441056321,-11.363697563021578
2000-10-02,9.3870570888897,9.772917819742847,-1.3331961606778835,-11.044440977248936
2000-10-03,11.496828104915384,8.144186982372075,-3.10386543657627,-10.075562875315615
2000-10-04,11.974671585335289,7.802992419417886,-3.932887342566975,-11.053536099039885
2000-10-05,11.511048046152046,8.858273165430422,-4.159697923119773,-10.010110765149571
2000-10-06,9.932228425762906,8.120132267957242,-4.758611632021108,-10.099759892459764
2000-10-07,9.773316273456313,8.590852457638626,-4.025888237106464,-9.869424017491026
2000-10-08,10.876476656329547,9.492788326225538,-4.120658972939535,-10.415569870383766
2000-10-09,11.638115837613846,10.152699174084873,-3.1619361770087204,-10.116709765095951
2000-10-10,14.033916090181055,8.868876757109613,-2.521713913035734,-8.46689919234701
2000-10-11,13.54769585129462,7.397706655061857,-1.9283801937614813,-9.470102434818228
2000-10-12,13.995713809052218,6.68370175918836,-1.0695270284866347,-9.496188656664362
2000-10-13,16.348468635163478,6.139949513559964,-1.8698879131636765,-9.725598084523675
2000-10-14,16.04046276306031,7.464967814245073,-0.6235576624188215,-9.721498097121975
2000-10-15,16.71612066425309,7.79272128442411,0.4803088245037681,-9.321930112475073
2000-10-16,17.61002320328342,7.888527140248109,0.6116268118901249,-9.65770190488792
2000-10-17,16.60430726276066,10.232192564947686,1.7449357766368325,-8.713681365816257
2000-10-18,16.479289355183592,10.306058542050847,-0.07645230398186564,-9.220252210842421
2000-10-19,16.285119243072533,10.319947812503084,-1.090362517582168,-9.518251079146438
2000-10-20,16.13173694342786,11.021722616906276,-1.798324488275707,-7.897858148338885
2000-10-21,15.249023028809805,10.274755875101294,-3.29728564927335,-5.817719975805277
2000-10-22,12.577736762826705,8.052220814830502,-3.507490623359283,-5.322935698538563
2000-10-23,12.145530893579025,7.967542237986557,-5.757915061382242,-5.84844018590961
2000-10-24,12.18398127043934,7.806937787331347,-7.452509143996396,-4.550813745511679
2000-10-25,13.101730405489208,6.115479255922365,-7.6521380771697425,-5.177964161192623
2000-10-26,14.596562463730331,6.87066029635394,-8.339947991666925,-4.432349922202244
2000-10-27,14.092645292293627,6.896451609730521,-8.52972549700004,-3.326062823068723
2000-10-28,13.791319815558975,6.559850366540206,-9.646477647430672,-1.6630557723333688
2000-10-29,15.06898343707083,7.120925464567223,-9.116026014802177,-0.9309578315626114
2000-10-30,15.22457829555371,5.951862433422031,-9.424675744246557,-3.4604981231902485
2000-10-31,14.942626614560288,5.882155456552623,-10.162698961943867,-2.733514360666372
2000-11-01,15.345854146482882,5.131528750084509,-11.662997166380807,-2.9401320088304344
2000-11-02,17.845386396027394,5.027825857374916,-11.691723397268886,-3.0068065781007585
2000-11-03,18.445510322432593,3.864680651689226,-12.667644133128524,-4.494433775665058
2000-11-04,21.50900167289374,4.4603079380258315,-10.52783597438477,-4.068335701186778
2000-11-05,21.735521283554284,5.250862208846808,-10.8725769575416,-4.102229855944081
2000-11-06,21.93188465391954,4.805695188022626,-9.893841056317731,-3.3880518936098154
2000-11-07,22.403871778298672,4.935501099909712,-8.484164712957432,-4.904011572999101
2000-11-08,20.941546436238323,5.961472514172852,-10.664718641448387,-5.4339050085452065
2000-11-09,22.624778618581743,6.878031973398641,-11.223795437097227,-5.995638392139897
2000-11-10,21.030388774639544,6.880448618130829,-10.157074936542587,-5.596652839053425
2000-11-11,18.963530493252893,6.198219573816336,-10.846306729783317,-6.015913845268637
2000-11-12,19.31204854914493,5.364003383214747,-11.881320703914307,-4.232198482930195
2000-11-13,19.432232661561844,3.7502210376857983,-11.918560526142183,-3.987315971464586
2000-11-14,22.073184658146907,2.144390700984947,-12.259017380396616,-3.123009983116911
2000-11-15,23.28965942060056,2.0866038596251544,-12.055536681331803,-2.2508616837331457
2000-11-16,22.628576160833287,1.8317043269578404,-11.242325835963387,-1.0921259779414485
2000-11-17,20.874764332181137,2.8763967027680577,-10.229825426687734,-1.6492781490852986
2000-11-18,20.88022025421837,4.305032839401676,-11.58129052027949,-2.1131774293558907
2000-11-19,20.163061739517257,5.3499587483046955,-11.694309437220474,-1.4799335363161448
2000-11-20,20.703569670250655,6.0597531187302085,-11.736516983651077,-1.815832165996965
2000-11-21,20.700699234589,4.66578232939213,-12.36544048517852,0.5783122660058293
2000-11-22,20.315295141121183,5.550773636311576,-13.274019551696684,1.1011537950297172
2000-11-23,19.308435631545336,4.406763047633999,-13.44098283483624,0.2935241200243337
2000-11-24,20.020215942998526,4.911962968107187,-13.35274088226843,0.12349727209162736
2000-11-25,21.022944622889106,4.2818920963454135,-12.811471316224218,0.9216944072920275
2000-11-26,20.576122808673688,5.748997694564191,-11.788796643679524,-0.41784539438277735
2000-11-27,20.080203491888916,6.17114389548217,-12.56270490472996,1.3560487626875761
2000-11-28,21.698827514953084,7.140828740140885,-12.577817603384894,0.7662282958480324
2000-11-29,21.8598236456616,6.845552783470739,-11.783393570846952,1.3197519864232576
2000-11-30,21.385967558031318,7.374783975533998,-11.67368889319612,1.5390049632373661
2000-12-01,21.368665792788907,5.951102822918003,-12.242395742068902,1.9479835402192514
2000-12-02,22.30504191337623,6.201056754495967,-12.142867053377232,2.556165850925848
2000-12-03,21.96738821270696,4.7829698895542805,-10.972571519231137,2.9102275823669697
2000-12-04,22.41307984505039,5.641426695435267,-10.089109388162147,2.34774480118512
2000-12-05,23.246501967441123,3.3903850296239706,-9.68540096242393,1.4130960209297752
2000-12-06,22.202582154187393,2.7885334204906704,-9.092295985933902,0.8724610658400987
2000-12-07,22.630277704062514,1.7288297368017327,-9.12388227681768,1.267654003198741
2000-12-08,22.180349417725466,2.7234875545592887,-8.169454126436653,1.662043085969736
2000-12-09,23.472124197610075,3.9657467399820607,-9.526935023665196,1.4686681469014375
2000-12-10,22.979221648754145,4.405390052204698,-9.020966473282718,3.693813044891873
2000-12-11,23.770624323666702,5.884985783650098,-9.839753920585128,4.1108762016018305
2000-12-12,24.18538689049444,7.23973561820158,-8.342805239324885,3.846254478736892
2000-12-13,25.496394064985942,7.141422139078336,-8.129587289103837,3.107799303089463
2000-12-14,26.33158062548077,7.740730727987273,-6.853279419716226,1.5643122893723864
2000-12-15,26.16588836312493,7.174478285554866,-7.973488831639608,1.4106966719513936
2000-12-16,24.527121910123864,4.795887389072178,-7.6655507993384795,1.0261200545762188
2000-12-17,25.2190457636572,4.093420344995688,-6.208292573039401,-1.4602835951422022
2000-12-18,26.089189763514074,4.27455734997963,-4.535858663383857,-1.587908143507708
2000-12-19,25.48304847168115,3.816306887599726,-5.035824144280028,-3.77573506676853
2000-12-20,25.104663681422025,3.4645969211861867,-3.787012539002329,-3.72762668345744
2000-12-21,25.89335912341111,3.0589141709296315,-4.04561687050534,-4.691766517237563
2000-12-22,27.05942020440688,3.246612052984153,-3.8934019930374753,-5.917262892086214
2000-12-23,28.81531561043406,3.089762885014634,-3.2707712669878886,-6.117284761660386
2000-12-24,26.987815062599797,3.205886663532951,-3.774497603270533,-6.611871856102735
2000-12-25,26.782208818346334,3.4209898964284653,-3.379948150205749,-6.194804185688635
2000-12-26,27.197045975207445,4.129588463385587,-2.4542850738975357,-6.470023267591935
2000-12-27,26.823264351127754,4.962648808748225,-2.3869433598871996,-8.014972314638868
2000-12-28,26.723311862741593,4.595029595726979,-2.280618104442239,-8.24726452176172
2000-12-29,26.459403796598174,3.0705366671688603,-2.423076054553471,-8.045709155288163
2000-12-30,26.749018818161662,2.9434728130216747,-1.8059637155860488,-6.704528644431055
2000-12-31,26.426531262605746,2.0579829589024876,-2.8232098817805147,-6.149041395730425
2001-01-01,25.931591149932984,1.4252991081133386,-2.1123222873982366,-6.093839101853431
2001-01-02,25.443107248808722,1.129807955137819,-1.046476989204632,-6.380947781064273
2001-01-03,25.314762326796536,1.0620324124622134,-0.8784313886188642,-6.519679690259379
2001-01-04,25.393007223556296,0.3119792755933447,-1.9494839956871146,-8.15875182356901
2001-01-05,26.252403002295498,-0.13907343828948787,-1.4429799599142665,-7.01359522772931
2001-01-06,27.206212438763206,-1.5878980865864372,-0.9154092252405279,-9.70880615921591
2001-01-07,28.211726146947303,-1.782549673832919,-0.6013527131215223,-9.794086863805816
2001-01-08,29.379262963819816,-1.1660777909931348,-0.5857454219892675,-10.00426719195859
2001-01-09,29.250599902416972,-0.5229544700850095,-0.6826673306263329,-10.042533427007836
2001-01-10,31.450181907111183,0.37399192795660574,-0.21277764433106622,-11.69630799161018
2001-01-11,31.631018481275706,-0.14872790310315886,0.15755385833982244,-11.568379065172067
2001-01-12,32.07698691887065,-0.8090656253170662,0.5333350714076479,-10.467260615334222
2001-01-13,31.059755743142045,-1.3369823971282253,-0.04000368941286003,-10.490996949320408
2001-01-14,32.147823697769574,-0.14213496418457328,-1.8696693647027516,-9.843854971099809
2001-01-15,31.020347128148213,2.5328589182100627,-1.0744781346145973,-9.753551909729406
2001-01-16,31.99478531004565,2.772967128730657,0.13960701167575462,-9.908233785897679
2001-01-17,32.932601967901306,1.8704180413584184,-0.41619625883532674,-10.617084038316897
2001-01-18,32.11877171263419,2.258654814105106,0.01995732815664436,-9.099914082489
2001-01-19,32.44592675566538,2.2961711560647147,-0.08854457727742095,-9.446881423879649
2001-01-20,32.77623642674155,1.9934704971908825,-1.809524747293649,-10.168793024181992
2001-01-21,32.020112941178326,2.5455744791217625,-1.5298703375561489,-10.940950207117801
2001-01-22,31.59681888589712,2.480616069022849,-1.468533694855319,-10.703480452142092
2001-01-23,32.71546574022056,3.8608283897182782,-2.130965439180602,-10.24634697331729
2001-01-24,31.828559625716952,5.109853562427467,-2.631053591600459,-10.930646627365356
2001-01-25,29.385156419846886,6.016987358671691,-3.351284081617179,-12.344750711141627
2001-01-26,30.19750131724846,5.7614582085542505,-3.7527739068853307,-13.63406769914107
2001-01-27,30.682541893184638,5.1874341094111625,-3.4791205315347264,-14.36991836059883
2001-01-28,30.747525313499693,6.126555397587671,-3.220718699326532,-13.71271038390034
2001-01-29,29.010967703734963,6.237570287149342,-3.205779063774219,-14.889771572019757
2001-01-30,27.30545865168665,5.164354207998507,-2.9088934608652033,-15.908418114419778
2001-01-31,28.554053482128204,5.046753422787762,-3.336188084489003,-16.433542979136565
2001-02-01,28.79080700007322,5.384171986699324,-2.881279457546611,-15.864246791044744
2001-02-02,28.412501791978002,5.137647740147591,-2.1095667436941463,-16.758732495380666
2001-02-03,28.594384220246564,5.8515830187794595,-2.118625085069296,-16.42814477192614
2001-02-04,28.448146823650823,6.548063027874866,-2.939132970119504,-16.40233205479147
2001-02-05,29.449552850450903,5.876505669302183,-2.241673757811077,-17.590539593223056
2001-02-06,29.389938361182733,4.8477100943854365,-0.5708470099053631,-17.494500885308984
2001-02-07,29.46607481947484,3.6761669026428314,-1.579701078805187,-16.585894177018663
2001-02-08,30.02627399697758,3.909375181670826,-1.532919270656726,-17.395563244091484
2001-02-09,30.594469711672833,4.12073924401773,-1.0501354218538148,-16.93221960640753
2001-02-10,28.305419449211758,3.1298360649726096,0.7841859495011361,-15.985490779669693
2001-02-11,27.874982519736694,2.68156325303337,1.5961732387819048,-15.491765584194033
2001-02-12,26.324329427444468,2.2770546215021774,1.1329466334022913,-16.127969260514163
2001-02-13,25.960869853398798,1.2406767498074558,-0.5688461162014748,-17.504835433891948
2001-02-14,26.1415728057842,1.8099349699199414,0.09472625272965829,-17.20405688984356
2001-02-15,26.103391310516788,3.160418132019925,-0.09177978761390854,-18.441623384117392
2001-02-16,25.843267369356617,2.8773368801927806,0.13907297644483563,-18.25992664040992
2001-02-17,26.984749620920464,3.597342617879697,-0.5057474400650561,-18.092475840216093
2001-02-18,26.238173078223642,2.1148985955400486,-0.3188315902455693,-19.222631537919206
2001-02-19,26.845439315575277,2.37345845000393,-1.088353756838183,-18.742495130061894
2001-02-20,27.17950085296488,4.20123188137544,0.7897292516294205,-18.644699199820458
2001-02-21,26.957850975748034,3.6566726420247546,0.20620096558534717,-19.14526153744337
2001-02-22,25.64961693619512,4.234020485448345,-0.8101917044294853,-18.841146827112823
2001-02-23,24.89180780849405,2.879160050000997,-0.36865688730640883,-18.514165582031175
2001-02-24,25.0772792189626,4.052120350179295,0.5596583074429822,-17.193629513017765
2001-02-25,26.306999859082893,3.6533441112783107,-1.5525245907854772,-16.474776662957886
2001-02-26,24.84100226716191,1.455884704737001,-2.159810414057967,-17.435224389890173
2001-02-27,23.148608077366834,0.5598060934143372,-1.7044108018650272,-16.81111176564213
2001-02-28,23.653287666218542,0.29843784993504047,-1.6866137292925727,-16.127604708205492
2001-03-01,23.372669191969287,1.054815455213112,-1.126262330840533,-14.753636786589011
2001-03-02,23.399739715432425,0.785925917701489,-1.216466051170596,-15.710726041875668
2001-03-03,22.316965059151297,-0.051950184341618466,-1.6019965135226757,-16.691219390611163
2001-03-04,23.320247829544066,0.49647618927878756,-2.998372612171946,-17.959453250539507
2001-03-05,20.991308820421477,0.3848069865849262,-3.192721089335057,-18.74220637374479
2001-03-06,18.940007162844267,-0.4798827302656503,-3.6599656909268936,-18.184964302754317
2001-03-07,16.834970527489723,-0.08183322366427542,-4.253403771157946,-19.155383388239706
2001-03-08,15.932516384725062,-0.7228290312697938,-4.8368036953884594,-17.883748447162294
2001-03-09,16.31322007625572,-1.185763338956829,-3.2684687982803498,-19.36578432846845
2001-03-10,14.810384368535031,-1.6995759230995109,-1.6001775938497012,-20.098164708780907
2001-03-11,14.458466607946944,-1.555878311891039,-2.249629792632771,-21.016823778748932
2001-03-12,15.325627232869058,-1.3148470365865044,-1.85012594562096,-20.81397250620132
2001-03-13,14.060413219008444,-2.2001881623367088,-1.1921805910568009,-21.06589737644745
2001-03-14,14.358210323442394,-3.006494145066731,0.4816870076993589,-22.259777190892063
2001-03-15,14.301316865047994,-1.2110687532423607,0.9141457639813222,-22.903354817820215
2001-03-16,14.518818349323121,-0.08702381112985558,0.7442765838010876,-22.123091977289153
2001-03-17,14.946237959185613,-0.16298144749664323,0.6132655643952076,-22.58037656758967
2001-03-18,15.498301944448563,1.701694352892046,0.5937377510980921,-23.038320235604388
2001-03-19,16.440525706169936,1.9849484311761367,-0.9604894859278155,-22.64559694991364
2001-03-20,16.292039582502134,1.7594571571844453,0.2784197867801672,-22.224738814026384
2001-03-21,17.16384498580742,0.4861208583133094,0.053475079645014245,-23.062245922776484
2001-03-22,18.729326558725173,2.180656419871146,-0.7209333760562258,-22.484150054778233
2001-03-23,18.83239102388776,1.7721824059411293,-2.6633527386249476,-20.55526223103757
2001-03-24,17.361857351387947,2.2162619803773453,-0.4819506428272162,-20.147461624855094
2001-03-25,17.36852512266873,2.0118845091350357,-1.7222084733708227,-20.022335871489364
2001-03-26,18.192296893311237,1.8189140946270494,-2.6219368054569183,-19.272157238997806
2001-03-27,18.019465865790117,2.712120822297337,-1.5304403288547437,-19.491546384248437
2001-03-28,19.266069756800558,2.089980533861016,0.5210880415548422,-18.883428904728287
2001-03-29,19.37905888711054,3.113981470534578,-0.39156525619071214,-16.7280016249708
2001-03-30,19.57161166200899,3.1937263269458502,-0.35444157102270074,-16.70449205767183
2001-03-31,19.31525272784623,1.9372256262578753,0.8211978356576497,-15.270403996443752
2001-04-01,20.287524995614064,1.9758928802565137,-0.4353691641456172,-15.096690216531277
2001-04-02,19.272914961057996,1.7629078372878397,-0.981933056805477,-16.31832388213084
2001-04-03,20.67542597294409,1.7166345741257218,0.0731021370330337,-17.197237400898565
2001-04-04,22.403870262154566,2.1210259172139874,0.7397440489047965,-15.399745294317887
2001-04-05,21.820801411371164,2.18479046747593,1.912320724383358,-14.494478305486407
2001-04-06,21.57767756778102,1.6414362250998522,3.6109046941887777,-14.421796978891908
2001-04-07,19.587955901293036,1.5573879092662086,2.486737727656731,-11.983907879862079
2001-04-08,19.18552823020607,3.029135516908464,2.8939776886523054,-12.896954988287073
2001-04-09,19.565460107987764,2.223124101315179,2.156351884111971,-13.062748818342616
2001-04-10,19.5314692698167,3.265214583751747,2.015129145515861,-13.796232176065244
2001-04-11,18.316673920758745,3.099575142770852,3.0070150114513448,-12.34541814220381
2001-04-12,16.969875316101405,3.52907818651916,3.2967882649595186,-12.063492622631598
2001-04-13,16.33930901948374,3.6200417292927156,2.587644840998802,-11.734785630365883
2001-04-14,17.47362264822722,4.447944008833461,2.6838054460310454,-12.843217405926985
2001-04-15,18.28888308956017,4.699656640863498,0.9823025012374225,-12.034922721752386
2001-04-16,18.274432214306582,4.586703228828962,1.6713609217210992,-11.386399424335199
2001-04-17,17.51920454075831,5.139778806840031,1.7644007900164964,-12.711243818381725
2001-04-18,16.578127765719103,5.565043854033381,1.5345250291170085,-11.999822256945622
2001-04-19,15.932638811500183,5.40207112897103,0.6266715454822818,-10.608012718603222
2001-04-20,16.658045443332433,4.620981665995505,1.4309223151750423,-10.08639516027979
2001-04-21,16.467611659077363,5.823631348770273,0.17119970013998542,-10.395423217884288
2001-04-22,18.19181507854316,4.506316427826291,0.5008606158088473,-10.21357332399299
2001-04-23,17.873595740678716,4.700723760681151,0.47445406662228395,-9.605705733640445
2001-04-24,17.72653091515702,5.484445110276724,1.3653469688473723,-9.663690981563699
2001-04-25,18.059184079810507,5.124633653231101,3.1225777337114553,-8.753261573018742
2001-04-26,19.621942361505077,3.6748340044007417,3.734922602465287,-9.83577544167979
2001-04-27,19.655491328751584,3.730039056935279,3.6906867851252616,-9.959968427458968
2001-04-28,18.969164418651395,4.681746761080283,6.375364174027779,-10.901100359681264
2001-04-29,19.7424458711486,4.259354421306671,5.316866051295135,-11.077200662379799
2001-04-30,18.75862913235108,4.645113943563462,8.005301165174615,-11.250121011466494
2001-05-01,17.971998134967013,5.2216132815642995,7.06814028123163,-12.981249280523068
2001-05-02,18.201277233764536,5.377183604093326,7.747628783131977,-12.473645388192875
2001-05-03,18.369842916745917,5.358739887765553,7.9424175059312745,-11.304216829905053
2001-05-04,18.733366983543924,3.728372067509059,8.119988124933808,-12.68587844620669
2001-05-05,16.841889908293062,2.320020677903337,7.868856251161006,-14.202015687756553
2001-05-06,17.866271723175856,3.194204738268028,7.661294680164112,-14.617718858058083
2001-05-07,16.843045064570976,2.943006190735967,7.854762387146465,-15.715733077803373
2001-05-08,17.487300100098675,2.2374945716493624,8.16382625454251,-15.8793636679075
2001-05-09,17.16365131700833,1.1407417964417592,7.663391607561863,-14.9421172498706
2001-05-10,16.279348619509424,0.5724332463132992,8.535295956536064,-14.517801208546887
2001-05-11,15.861619317609433,-0.7846709549741139,9.65476928191094,-16.302350467329436
2001-05-12,17.335961096921384,0.6435288373083708,8.405133123977457,-15.510577605209306
2001-05-13,15.53047007225938,0.06131813389527219,8.442747932687649,-15.875754323894412
2001-05-14,12.881140725828796,-1.2750255109610213,7.914322564841298,-16.8264287635369
2001-05-15,13.496179497776328,-1.281955883530296,8.62236693997596,-16.727264583216588
2001-05-16,13.632680453056565,-0.2345258791212086,7.98417147017871,-16.282221847470616
2001-05-17,13.566320138556822,0.8441415376631143,5.727151449041607,-17.17143150953324
2001-05-18,12.87624411257214,1.1441653472799433,5.776528799199075,-17.418114275070746
2001-05-19,15.730498933488185,1.1852934738252356,4.2978517280318425,-16.336138000222405
2001-05-20,15.990939137454111,1.6655493234589283,6.008377035120212,-17.031775177186617
2001-05-21,15.939559929719154,-0.019951807953365375,6.980393257630217,-16.070094725337487
2001-05-22,14.632488269110386,0.23614990535559638,8.297391058441498,-17.987203619796308
2001-05-23,16.012596365094645,0.013516883528496254,5.90578250492454,-17.79703482277043
2001-05-24,17.021279153476748,0.1795727819519765,5.1383519095825605,-18.615922984385257
2001-05-25,15.217877935454975,-0.974121721915169,5.079304176446175,-19.109041469983552
2001-05-26,15.428332853303822,-1.188994356271867,3.4714259380689665,-20.097027848153417
2001-05-27,15.169920889500371,-0.7883473817807187,3.8031594549668,-20.83820936072945
2001-05-28,15.330442445927726,-0.7763349347666791,4.753057142927159,-21.29141408845228
2001-05-29,14.95371313862363,-1.3630228318817117,4.5167068669910115,-20.67531178672164
2001-05-30,15.809201121229872,0.18324952456259935,3.576153779939699,-19.600712605743883
2001-05-31,16.303296276471585,0.6058483122314373,4.786364378667084,-19.296459266237896
2001-06-01,16.385001639194382,-1.1806946222022112,5.545973276376549,-18.823124522799265
2001-06-02,15.724724149027631,-0.5450748526219883,5.433328948292769,-18.44106042124296
2001-06-03,15.504223118002425,-0.3998659523149706,7.711301255630948,-19.799556608191622
2001-06-04,14.302189371210144,-0.7120875371394852,6.7799731490312345,-18.30468317445573
2001-06-05,13.608705691259603,-1.227470429089958,8.31298265263544,-19.88103419300735
2001-06-06,15.379111691645333,-0.994160550719618,7.347882715231472,-21.481505467178476
2001-06-07,11.953646112523025,-0.04902623219170987,7.320867725409794,-19.876211071031285
2001-06-08,12.403895694793247,1.2009355619479336,4.686636458216846,-19.839005437111133
2001-06-09,11.06897441049534,2.2815387601639467,5.486394237001347,-19.651255943636862
2001-06-10,12.280836384486882,2.128511974032385,6.6431555356270575,-20.488775507767645
2001-06-11,13.526437895130714,1.5238993038810094,6.242682799600343,-21.26731517291844
2001-06-12,13.020490298158848,1.6765721939002174,4.675183521886844,-20.84341206404207
2001-06-13,12.462286652742863,0.9988049498730932,3.922469009765109,-22.649043071693818
2001-06-14,12.25520719271501,0.5131159803820537,5.210140221592645,-20.754439405086007
2001-06-15,12.925978882218747,0.7260921580928179,5.183532077391036,-20.11847638853642
2001-06-16,12.798745803587098,1.8855218882640412,6.091788168129548,-21.59105998462137
2001-06-17,11.744416975965464,2.129828743404666,6.5409164015698025,-21.341978503802558
2001-06-18,10.74681755318768,0.07737076098783069,7.476801575264881,-21.320348368923593
2001-06-19,11.73360187233245,0.2618979892129215,6.111532500479571,-18.7451301563324
2001-06-20,11.982989630056297,0.8460999599828625,3.5185570697374153,-17.195272392727492
2001-06-21,12.143617232612542,0.045525695290471235,3.4890104035410014,-16.30839368323702
2001-06-22,13.447061049988594,1.012409555948505,2.209457118538131,-17.5807125931997
2001-06-23,14.864738146743257,1.962152002852128,3.6598213343504424,-18.73252448328827
2001-06-24,13.585348414007953,3.7746715543118246,4.27321695098237,-16.468749779290782
2001-06-25,12.714823587954797,3.470805712931647,3.9501467470726084,-15.666518644787853
2001-06-26,12.451110633864076,3.6375915747086465,2.833613076138662,-16.28847032104942
2001-06-27,11.019683137116422,3.271192777511954,2.6665986050324935,-17.05841624642886
2001-06-28,10.918386746505512,2.440594646643776,3.8581038992637344,-17.783438868184057
2001-06-29,11.627669498196719,1.7307288121725282,5.127504201266366,-16.80275636814736
2001-06-30,12.329835374510997,2.15022617235798,4.729609249866549,-16.37804362291677
2001-07-01,12.47342402177228,2.325516471835382,3.603790801899994,-16.737755353942248
2001-07-02,11.94878814435519,2.3921703947335744,5.833716067257042,-15.269732513720482
2001-07-03,9.832492622943072,3.253241470751015,4.979396773509157,-15.416298809825465
2001-07-04,9.616827581051915,3.1202983258642507,2.995913528874185,-16.673495109083184
2001-07-05,8.60774247816701,3.2383695110094988,3.200865797943125,-15.413207260423874
2001-07-06,8.067426731006249,2.972759493126474,2.536523202460655,-16.48976779559634
2001-07-07,9.006233442258555,2.0407639016809362,4.134633530914258,-16.25867355795626
2001-07-08,8.340680255970828,3.7033259788911312,4.5701886838252594,-16.44758389868041
2001-07-09,8.456235246380933,5.178237703181923,5.025227011678242,-16.03983271769585
2001-07-10,9.555078574979541,4.718585419927761,5.9469278433581305,-14.629428770512387
2001-07-11,9.233125267977396,3.8701053125188687,3.776230916251881,-14.555127090532945
2001-07-12,9.707208455886983,5.177171781748938,4.010503968065501,-15.64202222347106
2001-07-13,9.768875123638118,5.237354834214114,1.3379436317018452,-15.200847587445747
2001-07-14,10.43892450086942,4.678723831949674,1.8427688167832923,-13.710680468993269
2001-07-15,10.066170764836588,4.911143709469987,1.9692718861819327,-15.54915016009822
2001-07-16,9.769699111547068,5.74511810900849,2.0483669762202052,-14.069625827409565
2001-07-17,9.862968493799702,4.7448590496487935,1.7691153382005358,-15.332632254470717
2001-07-18,11.160250459988571,6.470531876630458,0.7594965500503987,-14.064243059527431
2001-07-19,11.618061624899571,7.528113563819551,-0.7105415738883953,-14.726246474118284
2001-07-20,11.246968777799474,7.4917745064071415,-1.105582137677179,-14.192807840465827
2001-07-21,11.717266183696221,7.539516028061206,-1.8299633430967739,-14.670609585188584
2001-07-22,11.343330014511038,7.311936344133042,-0.30863189361095555,-15.807056097508077
2001-07-23,9.606266083105023,8.674249445144408,-0.22909876148789846,-16.107303006630367
2001-07-24,9.808824098577803,9.170054483517504,-0.4849607496726688,-16.467042408706266
2001-07-25,9.961081159939452,10.429570345167436,-0.21731670411348797,-16.849190255388894
2001-07-26,12.038752409912167,10.409646641486122,-0.18721375741120094,-16.064529641533692
2001-07-27,13.927242954022763,11.021505501380496,-0.5152435016487239,-15.628518681460035
2001-07-28,11.979834108605598,9.70056700354436,1.6007006735023173,-14.942608980383227
2001-07-29,13.023563272372323,11.554952081178985,1.7336039213695023,-15.486446328755646
2001-07-30,13.404124447846145,11.33008052845187,1.4709245350753386,-15.315282251532288
2001-07-31,13.266550190597835,12.00834450565867,1.9627129291977514,-14.358951530318057
2001-08-01,15.211443267578248,11.987225364974059,3.5905487242782055,-14.758950075013123
2001-08-02,14.913123189339569,11.920678230386986,3.301802521919922,-14.670170958129765
2001-08-03,14.326349525605597,14.308756032683014,2.8097244664124053,-12.745591781198831
2001-08-04,15.767591813109266,14.155211337762067,3.947271914005121,-12.731476490627724
2001-08-05,14.374464688462485,13.713121075926272,4.97190773508424,-12.723842537497625
2001-08-06,15.841738150932484,13.507368807111568,5.809302800740976,-13.614268482073165
2001-08-07,17.011124211126262,14.869383243585418,7.125785545577852,-12.37745592920345
2001-08-08,15.975415971126186,15.480604088703352,6.978119974543514,-13.151350660838169
2001-08-09,14.26810636819439,14.957240430477011,7.883691153196164,-14.790180485552181
2001-08-10,14.848667384574698,15.292901839100425,6.94519694701548,-13.327346141894633
2001-08-11,15.726441831173464,15.992104343213578,7.446880363522105,-12.73134128283617
2001-08-12,15.37143125584371,16.602710739724337,7.025837423751533,-13.468105695344697
2001-08-13,14.707940765242034,16.844630088315196,4.992594715000313,-12.637393778595515
2001-08-14,15.571320015443579,17.929419403958892,4.841966310933222,-13.69782040816016
2001-08-15,17.189142734372535,16.037352687821933,3.5789079618371833,-14.69142633803117
2001-08-16,18.014202652742235,17.88824008053311,3.619033894083256,-15.374589661327349
2001-08-17,16.686750634266655,17.93014889144654,4.891098215380319,-15.689972487719645
2001-08-18,15.711179551472036,18.14807212998747,5.341194793118505,-15.943599348252516
2001-08-19,14.6047903581133,17.472724912753595,5.361146731922028,-14.783955252956174
2001-08-20,13.004205396660328,17.718283524547562,7.286743091981878,-14.377496257235492
2001-08-21,12.4604743759688,18.01619584830842,6.732235902357918,-14.566174195002352
2001-08-22,13.595349384769158,18.25594098836427,6.4863730346521224,-17.27894968155322
2001-08-23,13.17566764550251,18.167433943713334,6.312025903732787,-18.326499661402384
2001-08-24,13.83281794302895,19.588829202802433,6.326854642570228,-19.31944179160955
2001-08-25,12.669407653189088,19.46589243958552,6.639230940351161,-17.894139600623678
2001-08-26,14.86260751709832,19.63657161884567,5.609209729228775,-17.872621837998754
2001-08-27,14.26980574810608,20.26504087017992,5.2713072125215374,-19.209707305735208
2001-08-28,14.58204997936127,23.677975750394555,5.699576753751411,-19.491312147179684
2001-08-29,13.254129774602797,22.528893960077863,5.281101735461996,-17.46305912282133
2001-08-30,12.20762460186193,21.551217333963546,3.740305946539592,-17.25203852368762
2001-08-31,11.227624899835252,21.843208384811422,2.9327890977997675,-16.642077346404875
2001-09-01,12.41256151963984,22.508769969048807,2.367866371037795,-17.525072503009625
2001-09-02,12.560756117465232,22.435972784030678,3.0355602031414772,-16.930353795445473
2001-09-03,12.655268397221267,23.571550003101724,1.7659323664305338,-18.04575261473915
2001-09-04,14.155801624019164,22.946460762348885,2.309806147903322,-17.91650728652664
2001-09-05,13.063630465804836,21.849046179375247,2.7379886629163352,-17.93921762925154
2001-09-06,11.092051919401674,23.277641662983093,3.066594058136738,-18.322289575714404
2001-09-07,10.08287570765518,22.849568121675972,2.2158286742693027,-19.571530437698478
2001-09-08,8.463453997404425,24.070647656842507,1.4236873218229635,-19.088000743822217
2001-09-09,9.636792776042379,25.41820778394276,0.8507627788675269,-18.638304224018295
2001-09-10,11.032298528282997,25.291269584158623,-0.7509626438178483,-18.517013232142727
2001-09-11,11.501713043935869,23.297057412374432,-0.9830428561881398,-18.75257394850991
2001-09-12,10.337182567841966,24.62872758400526,-0.9940693778922984,-19.068914070079362
2001-09-13,10.38315447453833,24.031367978250938,-0.49601992472075795,-18.80803201728194
2001-09-14,11.018532349953379,24.520296198992593,-0.9885572793096495,-18.314666874701828
2001-09-15,11.358795876308358,23.075466115258855,-0.2928451233908128,-17.945546986310482
2001-09-16,12.032815817148382,21.43486737451661,-1.3433069378981375,-17.316520253558476
2001-09-17,10.617585064248196,20.912474310883848,-2.6429858189253697,-17.535157572437626
2001-09-18,10.911444540144343,19.694079170083686,-2.216026990534111,-16.77025401588287
2001-09-19,11.099630096803969,18.74632726568877,-4.042192252216031,-15.147442855312176
2001-09-20,11.007104897225588,19.36444951275969,-3.16440255099094,-15.416873421720396
2001-09-21,12.357347575134225,20.481829439792918,-2.481941000849055,-14.365772044919456
2001-09-22,11.519027200731582,21.03632822142014,-3.4536505369351835,-13.025838887092524
2001-09-23,12.432209113404538,21.2227465295811,-4.915764824283167,-11.641597100712357
2001-09-24,12.771237689134415,21.58727066314936,-4.540325005033875,-12.031957669531314
2001-09-25,13.269323427380652,21.56301030311412,-5.257417583741906,-11.410046599276255
2001-09-26,12.505329286992799,21.773698440073325,-4.290106084417204,-12.637241330993211
2001-09-27,13.006522881424129,23.038520798779807,-3.127911066148146,-14.078466269551818
2001-09-28,13.338131640830522,23.484846785282972,-2.143427034148743,-13.835666438881969
2001-09-29,13.050431588885882,22.43904246986934,-1.3316376738921294,-14.292551023691715
2001-09-30,12.70896716176559,23.488488219016933,-1.4023102923048476,-16.418737501003015
2001-10-01,13.19888743012235,21.563626639789806,-0.7401493221107639,-15.873251919317351
2001-10-02,12.246437844223584,22.867424708492837,-2.0763866151026122,-15.283207272369427
2001-10-03,13.718478153962291,24.378506118695284,-3.9840437635671915,-12.619053385370266
2001-10-04,13.962256228066522,24.042901919242937,-6.3782886992960055,-12.087149399092365
2001-10-05,13.865302272106357,23.026367775107783,-5.936197326368667,-11.885373094540903
2001-10-06,13.483685295016068,24.54418342935225,-7.204608313696293,-13.973741170806239
2001-10-07,14.7958015221648,25.824078539674428,-6.618492603109957,-13.758898790545924
2001-10-08,14.372157380707074,25.941447548307007,-7.281093145638579,-14.10201738071745
2001-10-09,15.016278642123018,28.22507742708751,-8.014243805057406,-11.257666303123921
2001-10-10,15.325827544107472,30.400470776471117,-8.559431033276832,-10.17687761226293
2001-10-11,14.81808142245322,29.546033544197225,-9.364844995482152,-11.325083964133336
2001-10-12,14.022183431387933,29.443969094975852,-8.832459085428171,-11.592234681088863
2001-10-13,14.139820039404981,29.99337878831293,-9.732006031098102,-13.072654015926144
2001-10-14,14.862861832927472,30.555876364445325,-8.152514389368058,-12.226003565630291
2001-10-15,14.658161333947257,32.03720166079458,-8.941042951075374,-11.866552479415889
2001-10-16,13.710938389071684,30.70322707197513,-9.737204056218623,-11.083276483476174
2001-10-17,15.115090190546304,30.135210125920544,-10.589678920423797,-10.999736837756213
2001-10-18,15.902501537556581,30.341605046592104,-10.061664407343718,-10.57204829704374
2001-10-19,15.766179776225206,30.8105927031462,-9.659502140761061,-11.713651416575091
2001-10-20,14.782469853409916,32.332404906479375,-9.712130430306274,-13.047774242416313
2001-10-21,14.762481143475291,32.90845199562929,-10.805293657823082,-10.407247382538273
2001-10-22,13.190559190390772,32.95932295779713,-10.365056304731983,-12.152960766348329
2001-10-23,13.985609674297484,32.64158671043194,-9.95743619001403,-11.334949690901249
2001-10-24,13.369504209868671,32.58960812681428,-10.864781109031458,-12.266028618045006
2001-10-25,12.573240815628175,31.17191558963154,-10.224001315947298,-11.56360352530235
2001-10-26,13.11919619406451,31.896297862246012,-11.048094024516024,-12.52308630726429
2001-10-27,13.298908737355402,31.225360321445148,-11.372742371373983,-12.910742971510293
2001-10-28,12.69821634621568,32.182583429350586,-10.956144759249941,-11.93174322558546
2001-10-29,12.337288583818195,31.33959733184254,-12.396762888025032,-11.819833844661122
2001-10-30,10.90813193967018,31.144532555229638,-9.567293283275356,-9.627959382235552
2001-10-31,11.557755513401537,32.049302419377476,-8.559758490239968,-9.121052337003281
2001-11-01,11.978779090867317,31.92148655989162,-7.079316699115142,-6.217614397186
2001-11-02,12.58557147740345,32.541038134963564,-6.845621983757308,-5.959011205112514
2001-11-03,13.180325701837942,33.274970438091025,-6.4714629683119975,-4.504316228857042
2001-11-04,13.223206542960753,34.12675068165359,-7.105097557937883,-5.19202863499104
2001-11-05,11.79592752881204,33.23966019812739,-6.938590472423353,-5.407209356674238
2001-11-06,11.650567022601004,33.82202098969044,-5.9106171078485525,-4.440111903921905
2001-11-07,11.111931875144288,34.81478820375057,-5.891255193752502,-5.229177460660242
2001-11-08,12.05764982065226,34.917847924106816,-4.654271385456209,-5.986662644196048
2001-11-09,12.73218768733739,36.50956420176762,-4.038914429142413,-5.448697459637901
2001-11-10,11.02526708922919,36.503161069043124,-3.115811935123185,-5.554586615963881
2001-11-11,10.670491147987306,36.77705304446763,-2.6450249915291613,-5.497756216494606
2001-11-12,11.32166713133444,36.546881058364434,-2.336817548438934,-4.810797095133286
2001-11-13,9.505254142533154,37.10777485943452,-1.4389635407228105,-4.633176958148546
2001-11-14,9.551968800113714,38.161948683391444,-2.478268810746565,-4.636893698940836
2001-11-15,9.53212662812126,38.06225271297981,-3.0053878383336716,-3.0154496610790655
2001-11-16,9.000959404748485,39.0088749268595,-3.473227003078861,-1.3866456964917686
2001-11-17,8.3824206570757,38.380463997038454,-3.1676029121239195,-0.8670613989125988
2001-11-18,8.838991087959878,38.38984472789378,-3.01036302726576,-0.5967958501718498
2001-11-19,9.037049069343452,38.69634361309473,-1.1942944115977001,0.21702230660704136
2001-11-20,6.984425819931463,38.86770001478429,-1.1306938789035093,-0.8359772270396215
2001-11-21,7.70229248554897,38.31259191639426,-1.4198019135640463,-2.019490175812453
2001-11-22,8.077913475206321,38.24959728668875,-2.6878928462491554,-2.9957691645081517
2001-11-23,9.297285466705539,36.57157647782113,-3.6289017136434083,-2.2992661037928572
2001-11-24,9.071640998948315,36.678788532282375,-3.529640352226511,-2.718206137294736
2001-11-25,8.212652593425956,35.30659630159737,-4.33319635282741,-3.548373445854253
2001-11-26,7.375036260881787,34.72707263746657,-3.1186889927638215,-4.739962040258302
2001-11-27,7.851856545332983,35.137863285965764,-2.51887863803512,-5.3970419475585585
2001-11-28,7.882930284963983,36.51717787881468,-2.8302337481291695,-4.266586805380355
2001-11-29,9.021599860539514,35.90684265366242,-2.817581367310983,-4.189871427006971
2001-11-30,7.890941402681404,35.76834700095683,-2.112394455098853,-4.3649666190135425
2001-12-01,7.295568883841046,35.42081918855601,-1.0856904360606578,-2.930747898627736
2001-12-02,8.700618521344055,36.68194901290441,-1.9062523598684349,-3.5445208314284056
2001-12-03,7.4385450316169095,36.35231394163351,-1.7311866030031269,-4.625929806689256
2001-12-04,5.120688238233534,35.46868443420325,-1.0806509722017386,-5.075881756466844
2001-12-05,4.5350561939619665,34.7727845996476,-0.8126674974221468,-4.560441601600518
2001-12-06,3.1472756486461417,34.411569998385936,-0.8469618757982338,-4.910159486684245
2001-12-07,3.2437762816776363,35.680513264620174,-0.45033002565040786,-3.0270140399572396
2001-12-08,3.830901650482171,37.5454867361333,-0.04661937236764119,-2.4019000208126275
2001-12-09,5.694502266563339,38.38115755687441,1.05796077992808,-3.0643948400678696
2001-12-10,6.145283869925849,40.016367525855685,0.7153172565419144,-3.3133594838580476
2001-12-11,6.810521407947191,40.05188303818137,-0.1913778005151362,-3.1696630636177616
2001-12-12,5.891228479820862,42.36597513493322,-0.1695208519386869,-1.783238248763806
2001-12-13,5.881135407324982,42.632797160832475,0.9888321534299885,-1.9377188416904694
2001-12-14,6.7977957503105095,41.63848168729911,2.3180478928663293,-0.8430816250175559
2001-12-15,7.95094133149899,41.33114377010937,2.819598595982806,-1.6523851899612434
2001-12-16,8.963048785370539,40.21937799816129,2.4201766357980348,-2.7897485579078376
2001-12-17,8.581579722910785,40.380356677514925,2.9956312131519476,-3.816734032765697
2001-12-18,8.986960052995737,41.542007224330916,4.533526182594896,-4.411722749992136
2001-12-19,8.899363903202966,40.74371953156715,4.846773814540041,-3.1098367517805103
2001-12-20,10.288199314864432,40.48624514539916,4.051241448539066,-2.5780506278551036
2001-12-21,11.39579596806586,40.69465043506749,3.5819156414992515,-1.56153750632226
2001-12-22,12.05183679922952,41.16648439656379,4.260091645070888,-2.0369962743430983
2001-12-23,11.041309758935292,40.5085501768272,5.900266816222865,-3.189536626666718
2001-12-24,11.7182429238259,40.33167884759953,6.574889415276523,-2.3549856557943087
2001-12-25,11.259005696493494,41.646946447223094,7.65722180959146,-3.690502780379189
2001-12-26,11.443618100327777,40.789719060866986,7.997253436955955,-3.7107892550775397
2001-12-27,11.684999157217643,42.286736090949375,8.27308214031699,-5.2887606494804995
2001-12-28,12.222620862417742,42.44650913392764,7.502351443642663,-4.814858659194882
2001-12-29,13.360829107182385,40.789605769783165,6.871185041967799,-5.021885552208144
2001-12-30,13.91780026986935,40.40105760391234,7.540537514439897,-5.298702723326897
2001-12-31,13.18923060958801,41.499676883827,8.741536625120577,-4.9471889421018505
2002-01-01,14.0890054841928,42.46386088256254,9.984609649232349,-4.49057815629431
2002-01-02,13.696982281125505,43.28908708120901,8.92332336063295,-4.245529645305527
2002-01-03,13.012220743247223,43.16907072299049,8.107305791314586,-3.597816138866958
2002-01-04,14.7629373194257,42.57462728239778,7.214978332275289,-3.777360325425435
2002-01-05,12.418601549129217,42.50417882767966,8.196893163543585,-5.253796584385841
2002-01-06,10.843647359162565,42.34098721920677,7.081092997492252,-5.576574821188309
2002-01-07,10.582860350575631,41.569741119763655,8.724810956498867,-6.032266225438068
2002-01-08,8.01646209397103,41.43097891351873,7.765032706581696,-6.673470539876171
2002-01-09,8.15268284413841,41.3879112796799,9.577003087528638,-6.152175230342214
2002-01-10,7.724457964934517,42.47787938290804,8.214315927734017,-6.115651732784175
2002-01-11,7.616465417208749,43.068710334163136,10.19956790527141,-5.6593086732333315
2002-01-12,9.609621147474343,42.60063983735279,12.20628740015442,-5.288163344738982
2002-01-13,8.215202946738625,42.24320700313453,11.797905784709751,-4.261799456813768
2002-01-14,8.259187637642041,42.85893003123431,12.745086870448999,-6.894978681883133
2002-01-15,9.288829098392966,42.295089865484215,11.259798564761882,-5.52800201257185
2002-01-16,9.095286216472193,43.53174889101808,10.758532200848409,-6.139376886093065
2002-01-17,9.330267520484943,44.14799690521858,10.857938551760276,-4.845483413821362
2002-01-18,11.1444228523129,43.60273289024598,10.558217380290547,-4.923279062812239
2002-01-19,10.215989450348895,42.83962241036083,10.876511381477275,-5.029918403704026
2002-01-20,10.819695886174863,44.28734776445807,11.695742437386418,-7.213475187299518
2002-01-21,9.298061970717031,47.70535026091614,12.3013032924196,-8.978042948759628
2002-01-22,10.748627795034981,48.69755063726266,12.380031554515602,-10.597889348856393
2002-01-23,10.500790649380463,49.38240638432059,12.337431298716695,-8.716128457987299
2002-01-24,10.70723075290911,49.94774804070913,13.510709102587118,-7.483485061362546
2002-01-25,11.280770825721302,49.33065658322647,14.080933299385645,-8.58966593641338
2002-01-26,10.878227440021584,50.52758456494243,14.341452670719208,-7.795314482403239
2002-01-27,11.049318712971319,50.43566073669641,14.302007183024369,-10.03435029301709
2002-01-28,11.180643567487449,49.938032587912765,15.580541644536025,-8.702619524027106
2002-01-29,10.256672561185855,49.1831637459115,14.421990493439544,-8.453029535141152
2002-01-30,10.423147884681983,52.026741738952175,13.356612691273938,-9.413318673165504
2002-01-31,10.51872025459969,51.43076770985301,11.105067432747633,-9.66048362856535
2002-02-01,9.635705315793107,51.47384870759398,10.872541071975434,-9.276191861907435
2002-02-02,8.618504961117488,52.27498378589439,10.845298710574411,-8.3582754712652
2002-02-03,8.543805608489832,53.940274494335085,11.346596704248528,-7.111067609021217
2002-02-04,8.712373673682402,53.33693462340079,9.153400119402711,-7.154518182495604
2002-02-05,8.43059813437994,52.96496464975439,9.58229984596965,-7.166151778532457
2002-02-06,8.198719154843127,53.356619542619704,9.846653197229706,-6.867380942916263
2002-02-07,10.176999550470121,52.97498689914197,9.772435045388097,-6.1089449218384155
2002-02-08,11.122788853771155,52.63761709564345,10.632132064237778,-5.768655200955025
2002-02-09,11.023237391592145,52.17901516406033,13.008408848008774,-6.220144006577435
2002-02-10,10.529204325633128,53.39921482351853,12.446778190735081,-7.495637814309282
2002-02-11,8.783299482278974,53.740011873306955,9.844326347759322,-9.433984949579672
2002-02-12,8.627626423753426,54.898737696561355,10.31823994160573,-8.525821284854484
2002-02-13,8.471694921695292,54.93046459447348,12.718439969214955,-9.499578712526745
2002-02-14,9.14260228966377,56.39533699882149,11.956476908106444,-11.272524624475864
2002-02-15,8.457111681277022,57.05390556187009,12.580405490860926,-10.284710031035416
2002-02-16,8.75980345411692,59.27217992337747,12.708312450356008,-9.644776616278337
2002-02-17,8.49299533002039,58.001570167600136,13.86566747621539,-8.464886353100479
2002-02-18,10.069414015947032,57.876058558783114,14.09225772318832,-9.612752848098808
2002-02-19,10.707659770186543,57.06657820834444,14.690814344778559,-9.86171674533224
2002-02-20,10.80495900120199,56.11600403973871,15.102104653119383,-8.922956374439131
2002-02-21,8.93776042169991,55.84170294753408,16.947885840345908,-9.452406552579387
2002-02-22,10.506751981555398,54.74395118762385,14.384409315763657,-8.68961924719717
2002-02-23,9.792934365591544,56.83369651688927,14.502560676148855,-9.139650147952608
2002-02-24,9.02245926766633,56.73679307186034,15.251495162668325,-10.190039639104999
2002-02-25,8.204511436626692,56.11557009018941,13.367211739779215,-10.24969853331711
2002-02-26,8.55204910696771,54.626005757281966,13.044677461134192,-10.285287354069892
2002-02-27,7.691056886667,54.293084406898785,11.856412623603562,-8.819756215466038
2002-02-28,6.321055755826389,51.46512598965813,11.57432540174135,-9.179783404209717
2002-03-01,6.624472637022892,51.567999167657824,12.044082859916642,-9.919404245425122
2002-03-02,4.410707942399728,51.65119950183903,12.647179112019819,-9.266533176617877
2002-03-03,3.2112151187114915,51.100999327049536,13.00582774389763,-9.55603882248128
2002-03-04,4.952033472091709,49.16289153332514,13.813379392116063,-9.20844627418945
2002-03-05,5.489135012446803,48.1860954614904,14.685820626617557,-7.9381960167283
2002-03-06,5.036125051311456,48.12240152974271,14.124007390902298,-8.020413684886064
2002-03-07,4.571021089067684,47.634951839837896,13.072207528428793,-9.315227157477947
2002-03-08,4.544930020424644,49.20555247230968,13.447063802653982,-10.204690264727155
2002-03-09,2.7529108053810543,49.49093203910653,13.70201069454051,-8.703418533604204
2002-03-10,2.6179812123457564,48.64366699967629,14.193687290514076,-8.433065236433848
2002-03-11,2.6057649829326888,47.774913437078716,15.254091604623898,-9.94662131267484
2002-03-12,3.6512817820587413,45.64747827975226,14.818157003784666,-7.824265962172545
2002-03-13,4.063136415868484,46.5257675217181,15.27353975721204,-7.1466507221318905
2002-03-14,5.301261130958605,46.16764701162493,16.13418080320327,-6.181819114961956
2002-03-15,5.8249569172702245,45.73315994852592,15.728596739135547,-5.975034272673794
2002-03-16,6.245672977702938,46.377045442645446,15.112265616940226,-6.183903230141689
2002-03-17,6.949670947366494,47.76876231393291,13.76334779732971,-4.725478131874127
2002-03-18,7.4881959788642645,47.71822808517333,12.037570951664676,-4.88758493018999
2002-03-19,7.45993067687182,47.07370384780366,11.646145485462823,-7.115051199948931
2002-03-20,9.13417623415613,46.25872212348615,11.782553794733307,-7.493279698413084
2002-03-21,8.698127232205959,45.31012242411987,11.520950115065459,-7.45015626493171
2002-03-22,7.943470889281115,47.06114068544122,11.863155607778408,-7.393149606802981
2002-03-23,7.527185613607826,48.895719399208794,12.06663789546008,-7.673688626848667
2002-03-24,7.7465351856670805,47.74186543368619,10.253129124223326,-6.841149464936296
2002-03-25,7.755503740171669,49.156901368951246,9.097898679176192,-6.772255229415996
2002-03-26,7.722975792709439,50.50004711207116,9.184918791970436,-7.891421039812966
2002-03-27,5.791642889800245,49.34019573600847,10.915563557252739,-8.307878632269565
2002-03-28,6.7335527745217565,49.02278541271284,11.43498055736436,-9.47321128826352
2002-03-29,7.420582105406791,48.094959279359834,9.609221952633947,-9.166681867080648
2002-03-30,6.130244795867004,48.37832713047504,11.479184341628239,-8.609939365484658
2002-03-31,6.111741199252646,48.55002033301895,12.254409758360461,-9.697392258925694
2002-04-01,6.145610358556778,48.08573757994458,13.024010257362924,-9.505473660832429
2002-04-02,6.159729050697922,49.176486616667916,14.88864501025807,-9.65070967346034
2002-04-03,4.673065635590876,49.403926653174956,14.234362691274626,-10.802128230068744
2002-04-04,4.097294086050644,48.845230121623466,12.201238537312197,-10.196208148053813
2002-04-05,4.776667962449146,49.04179493937786,12.888101873459252,-10.673309328368594
2002-04-06,5.849617227896105,49.721101564584394,13.099427278691987,-9.277021658668646
2002-04-07,6.691654405039516,48.6991776618411,13.123951012641799,-8.925416642763206
2002-04-08,6.283224652144768,49.266285609654695,14.880250523608172,-8.910565666750495
2002-04-09,6.484154042717535,48.897067831038086,13.872073485089253,-7.485638159035282
2002-04-10,6.692780763764814,49.8398863387028,14.252910013740976,-7.750860878096786
2002-04-11,7.813198907749729,50.50773377006534,13.74820114900281,-8.070085020201683
2002-04-12,8.03791396722915,50.14281153616183,14.767723429957604,-6.3874011924675225
2002-04-13,8.316277059606243,48.938251067485915,14.941335889599673,-5.68016500041621
2002-04-14,8.962171796108588,50.433303978776586,13.22724349475402,-4.365495171310379
2002-04-15,9.387303037202336,49.768307577713415,12.021126157142865,-4.1539021108479695
2002-04-16,9.325760105993767,51.34208434607816,10.712195166630384,-2.779226352421678
2002-04-17,9.30039098626877,50.63686419955471,8.122670312056565,-4.295516172221594
2002-04-18,8.05169443674788,51.296852052704246,8.405632859333362,-3.295761056760024
2002-04-19,7.442174442490749,51.8434230393786,7.66394800201918,-2.0623331089108827
2002-04-20,7.301892167567993,52.220167541722596,8.46416972540145,-1.2198637000043429
2002-04-21,7.571803845236262,53.9461625459284,8.571052847476972,-2.046601283138464
2002-04-22,7.406336946558073,55.379184513887054,8.480339297959977,-1.3487659367451763
2002-04-23,8.006931326191182,55.789993071772365,10.024908206291308,-0.9022857099027259
2002-04-24,7.8087603266013,57.302144082066825,8.120862653649784,0.00274691733757626
2002-04-25,8.780497670941356,57.947148445261845,8.370754058496502,-2.4387513659784745
2002-04-26,8.906651697363142,57.10566319158482,9.412053494215073,-1.3692383689099983
2002-04-27,9.960851107845764,56.84029568543046,7.709573420532495,-1.5479801130971218
2002-04-28,9.033755055975348,56.551762200957654,8.42687692782009,-2.4544848893002458
2002-04-29,7.8540664955834085,56.40100947261871,9.363095267351753,-1.6712177770412044
2002-04-30,8.565963664360966,58.072644533543546,8.874072683700303,-2.8670354925753223
2002-05-01,6.682727360944252,56.816986164595754,8.520626476956055,-2.512249453866948
2002-05-02,6.935869160339219,55.25024084955476,7.339225423080027,-4.864537454266736
2002-05-03,6.3447747934070255,57.49599286343471,7.807558912957161,-6.683421504759714
2002-05-04,5.3866378372859955,56.61439677148027,5.3916275301263745,-7.200569703221834
2002-05-05,3.990273799390767,54.54241081579729,4.680008972225236,-6.479108079960649
2002-05-06,3.3281379075991913,54.762000923422434,5.586745809952116,-5.09724227839384
2002-05-07,2.10638142524083,52.165392268461055,5.774772000675187,-4.857486272514126
2002-05-08,3.6287173319296735,52.863198009736436,6.935504778513552,-4.208818734110884
2002-05-09,1.541113947236278,54.032414945667504,6.14850498083111,-2.178069906253695
2002-05-10,0.7950470597360274,53.94582952380881,7.418996347877525,-1.756261264497099
2002-05-11,1.4418080765191243,54.245365490249824,7.713071158216999,-1.587640444417866
2002-05-12,0.2032076982948714,53.63023257672076,7.784585134543088,-2.081569783744943
2002-05-13,1.236254346193992,52.268051031377084,9.89567271325162,-2.3857062789141956
2002-05-14,2.0643727830942282,49.850004656337674,9.321788041842204,-1.6718470752874675
2002-05-15,1.0585043582024627,49.304057975958756,10.494976334802828,-3.525946105046944
2002-05-16,2.043817669094084,49.68998036051136,9.116923817175383,-5.080086836526473
2002-05-17,3.176109574911905,46.325882346753154,10.716880242589932,-5.003858486585027
2002-05-18,3.9109218292103956,47.38202452429145,10.16329289898499,-5.1922947234336
2002-05-19,3.742031902534497,47.50265028227105,8.70515744281273,-5.148889328265383
2002-05-20,3.7309142006167093,47.22869107291996,8.181575073919788,-5.3919732555229825
2002-05-21,2.057522019922508,46.520351133773545,6.683834246104827,-4.136457559744741
2002-05-22,2.8462516532245017,48.099776478053734,5.586978196853428,-5.623432910788935
2002-05-23,3.8404283224564177,48.500777326821,5.729381924087069,-4.3470657087611455
2002-05-24,3.6805905437621083,48.43143372720441,5.499462906174658,-4.722895207074827
2002-05-25,3.743003694929519,50.33548824072961,6.820413063402423,-4.642471985857252
2002-05-26,4.202613348997177,48.62156961829169,6.5788537768672875,-2.6013777729261993
2002-05-27,4.3729863453237545,46.86474335970752,6.012334684703826,-2.737194610042688
2002-05-28,3.945666214182715,47.5727577358723,4.888785066666901,-2.7348421344473213
2002-05-29,3.1506701970561757,46.967296131240566,3.8186592505275954,-3.7060223725136816
2002-05-30,2.0069975812644163,47.337904604344466,3.4759550627434113,-3.1655787726812736
2002-05-31,2.740445335918305,47.41028829209939,3.4852670277604845,-3.0530350034356792
2002-06-01,2.5141376240073114,47.624695228000874,3.048434383725103,-1.6623021672921534
2002-06-02,3.323756286700807,46.87918381996642,1.3297183909664383,-3.068484032538435
2002-06-03,4.32713867367938,48.318542065913256,1.9842193692560732,-2.8669374303511987
2002-06-04,4.222459906103121,48.266146045266645,1.492191934189426,-1.4257669552576444
2002-06-05,4.283349467244363,50.253931509286566,1.28353117190645,-0.8487260598046943
2002-06-06,4.092079915033207,49.797040782526935,3.435490215789734,-2.3868580154788575
2002-06-07,3.1502095924291114,50.401858513333,3.245562517228138,-1.8820432573149422
2002-06-08,2.840532873532284,49.50458707944914,4.882532058634972,-0.27445048452936094
2002-06-09,4.541740808034396,51.08591348563708,4.953176972808943,1.1433205126468744
2002-06-10,5.310440625471285,51.31493839045414,4.920618662739393,0.663086626308359
2002-06-11,6.797996333658079,50.914052612144324,4.435361719649084,-1.2352245396460175
2002-06-12,6.111703401521666,49.770328745472526,4.875851625233899,-3.2420753785213323
2002-06-13,5.395406725861443,48.2149519409167,4.823591564905451,-3.1607261570959637
2002-06-14,6.226345064029805,46.97281064372001,4.613867188504401,-1.5995143889247796
2002-06-15,7.828533005490918,46.55207971731027,6.404151109922819,-3.1650395240056115
2002-06-16,8.437407195509852,46.655704319830285,4.647133142278042,-1.595860272515396
2002-06-17,7.240911682562278,47.24574023171341,4.935590267670007,-2.535531564306431
2002-06-18,6.709493069309866,48.38486343886181,4.235756366168482,-3.3102520789182672
2002-06-19,6.366518522932379,45.95713959327744,4.411493313953874,-2.7275641981255654
2002-06-20,6.743785348763691,45.4950584236431,4.868938549058054,-3.5061885641254653
2002-06-21,6.226848502548703,46.8471891038809,7.9929685813758145,-4.513700664234962
2002-06-22,5.542614680622416,46.28224036363414,8.084416802449944,-3.6837407520510035
2002-06-23,6.306166220676821,46.05831723023196,6.769711227405148,-3.436637930542307
2002-06-24,6.271178081973622,46.77760431873682,6.310572274736565,-3.8464841259173217
2002-06-25,6.684112352567768,47.364527109146714,6.857725390059652,-2.748192871329813
2002-06-26,5.975387016272582,47.11777298127229,6.310439707284939,-3.103279509418586
2002-06-27,5.633927854302144,48.08229009252673,5.955966676371313,-4.058730387211852
2002-06-28,5.366906516060363,48.79464682867174,4.786418883170357,-5.665207376229661
2002-06-29,6.188450269720262,48.72329412460465,4.188630495095061,-4.8019166661497
2002-06-30,6.743623719255268,48.15941314134302,3.1407320550497877,-2.9678770965122023
2002-07-01,6.5305449314617565,47.22020255104825,3.809012218672799,-5.104097152514647
2002-07-02,6.133145298391334,49.1093459136098,2.7190837621294404,-3.3833780839118157
2002-07-03,6.814771544312457,49.93428288519997,2.3903285014875624,-3.9869144391450746
2002-07-04,6.159856814581349,49.56689845497622,2.0174478302055783,-3.406652524535564
2002-07-05,4.813149445582046,51.73858803965593,3.2180596771939576,-4.577533165163347
2002-07-06,3.857955797870102,52.33483253925091,1.5950227331961755,-4.202333589578086
2002-07-07,5.74941541642107,52.24915880172324,1.940815799227809,-2.3517990053761926
2002-07-08,7.193503152405525,50.19429400416915,2.6360736292386937,-2.3871851118293703
2002-07-09,7.0764091255619155,51.443738607759514,1.7215523629550742,-2.9670006392451387
2002-07-10,7.807875986857089,51.75068196682429,2.5546128789650675,-1.510607852835594
2002-07-11,8.503593338468391,52.258037694222,3.3205481669845427,0.867357437080206
2002-07-12,9.145578800470574,51.842046869602825,2.6447263430201113,1.9183208336173145
2002-07-13,9.584220923936693,52.93314998174419,2.994500623280456,2.4500623999566105
2002-07-14,10.62028850619497,51.978662874128446,3.418492493279589,2.034368145771491
2002-07-15,9.47461063996711,52.148167385927415,3.758293738783462,3.5659325757254523
2002-07-16,9.721047070306698,50.373252151759125,4.266343627615859,2.8087163644083817
2002-07-17,9.50418275791756,49.38259181797577,3.0615526072867567,2.2585436121916396
2002-07-18,9.032118031065457,51.487820120133456,5.46281139459839,1.9420967493244137
2002-07-19,10.065747389797172,50.54938551611504,4.746569706067125,3.4664714217710575
2002-07-20,9.728642149140917,50.001916522312605,3.5284435611378178,5.531677507566277
2002-07-21,8.909379251766184,50.23838062960703,4.410747197145336,6.954842422124519
2002-07-22,10.417445987352956,51.485754739886765,4.73854556747278,6.61431823268685
2002-07-23,8.984325832293017,49.46340484221768,3.2679351073785683,7.092194365552341
2002-07-24,8.265510968574954,49.19427759087777,2.822360659446216,6.69863407992518
2002-07-25,9.18954955667941,49.43148804232063,2.3911639223386714,7.320030680819883
2002-07-26,10.184417516300556,49.55305269640367,3.346863346032527,7.73162973345422
2002-07-27,9.509692399180503,48.269222907097095,5.5858623271780585,9.021192178088272
2002-07-28,9.852601246980962,47.63838659791583,5.447707125436981,10.217781481823353
2002-07-29,10.964331895881177,48.956982147867926,5.601326630410883,9.964126867632139
2002-07-30,12.792802515925308,49.00902562425297,5.473125819494145,10.374320646119246
2002-07-31,12.408441189092674,49.82990552505318,7.3939904270868695,9.984755115913572
2002-08-01,11.26444682467596,48.97373627073331,5.397693068501111,9.169710366491254
2002-08-02,11.69608932458257,47.818738993617046,3.6532544675522796,9.053294897070181
2002-08-03,12.056609198865935,47.59785660372564,2.6909101745586836,7.914270552818308
2002-08-04,10.258266936235135,47.68383889395892,2.316420089039571,7.709929645996585
2002-08-05,10.730901410346068,50.60469849205685,2.437771794893153,7.044459622345037
2002-08-06,11.648144517057432,50.63028807978287,0.6252563102087427,6.195619238906774
2002-08-07,12.544437504613404,50.16766862086117,0.11586313815134808,7.484526168826555
2002-08-08,12.679885001222223,50.34397482403394,0.3596611094529188,4.35182523233013
2002-08-09,13.163879985109944,50.6877957450458,1.1561050208752985,4.260154723813931
2002-08-10,13.712508386536904,51.19270197752576,0.19353786284050156,2.4561490043700998
2002-08-11,14.88538387139078,51.95071020609359,0.5260438414749988,2.638493132811094
2002-08-12,12.057451355700046,53.92442434804783,0.9730091352145394,2.3436819768044495
2002-08-13,12.574986144978856,54.29726221621814,1.642089504381833,1.5618731030666648
2002-08-14,13.692844633857039,53.66978410578696,3.089191524406666,1.8306757124875812
2002-08-15,14.18745812881684,53.94151210593184,4.4288287610931665,1.69657040394581
2002-08-16,13.374530794354888,56.475893692618925,3.5658713832348115,3.3726718414956594
2002-08-17,15.15810832731422,55.83417721034194,3.5968132289056824,3.907231745720082
2002-08-18,14.703053218942502,56.70387967190631,3.4119158430936607,2.953171406679537
2002-08-19,15.364634048115686,56.80020176726065,1.644084132047593,3.4634198099163465
2002-08-20,17.034216556651106,55.93921493923919,2.575921331934498,3.4055982153800475
2002-08-21,16.964479227549905,53.97936955622804,4.014725558786146,4.075856979734499
2002-08-22,17.27604956246451,52.57321601600861,1.1629345619810976,3.6067554671961695
2002-08-23,17.833078110152524,54.25892917856997,1.6109656305000681,3.151826658626921
2002-08-24,16.873923581945782,52.90933509513622,1.5072289751586312,3.7199208312638334
2002-08-25,16.315795420067797,52.3537080014135,1.4194720992861514,3.2410237233872983
2002-08-26,16.035197267822394,52.729388120820836,1.6279590389954788,4.689139512415508
2002-08-27,17.96972744217804,53.04737186940086,-0.08651673431469797,5.3721650585632545
2002-08-28,18.6871522506067,53.580772070952065,1.211115044128134,4.273175076313784
2002-08-29,17.3793534370286,52.55977711643093,3.0547533121791433,3.7014898908628218
2002-08-30,17.415871347898893,52.729238973459196,3.756089052377931,3.549706238272394
2002-08-31,17.62445733082424,52.46419771882295,3.3563708204342615,5.2720100896333575
2002-09-01,18.5696510155953,50.8650169497379,3.0240853330552255,6.978688030231927
2002-09-02,18.70163825070982,50.65825441375489,3.2407291531680436,6.774884303832847
2002-09-03,18.707205466820053,50.34091537237947,2.548130229425004,6.764297278700693
2002-09-04,19.966231803501497,48.70318083062959,4.093313229307691,5.540291882531938
2002-09-05,21.773443860659377,48.6504235743558,5.241971758021353,5.898160639565187
2002-09-06,20.84298228916959,50.17321670608084,4.9940953295208805,6.04035521833966
2002-09-07,20.109299527633507,48.71902269130624,4.807758544188423,5.816278926448953
2002-09-08,19.64422630562741,45.92739018296373,5.2372521051236705,4.989648723575257
2002-09-09,20.218035191294543,46.67576484910872,4.900508624432013,4.863235925269392
2002-09-10,18.99914034222031,47.83732661414967,3.86196311435506,4.770618809828019
2002-09-11,18.617160809909976,47.34088396446931,4.222688906174748,5.79297591752655
2002-09-12,18.26567235420953,47.13494611803191,4.825903002962343,8.372763660329927
2002-09-13,18.365405317324118,45.8612653876649,3.1708110811982673,8.729164261737456
2002-09-14,20.58803361794354,45.43339998301087,3.014830362017274,7.78143774349034
2002-09-15,19.971654743901706,45.36197734475212,2.7778450175212726,5.701856408353851
2002-09-16,20.419220394030024,44.29030103229936,2.1272963817311776,4.094367177637533
2002-09-17,19.983107123040902,42.60143237958446,3.3170414815915574,4.250574356465428
2002-09-18,19.32377134815684,43.04050131831119,3.049664979126783,4.007117627253612
2002-09-19,19.76161911658752,44.353721119947814,1.8507256070459337,3.712987079890666
2002-09-20,20.02598010595412,45.650043629822655,1.6238955453477604,3.5174600641250433
2002-09-21,20.60797236070624,44.904549805796805,1.5841018212965774,3.0876078102850517
2002-09-22,20.825252578721308,44.26899764733557,2.3975817582402983,3.0065391010240323
2002-09-23,20.00788239455195,45.866427148204814,3.9839109795180634,3.2948356959468637
2002-09-24,20.889119638479286,46.71577142361882,2.2707198056823,6.08194141045826
2002-09-25,18.88024904280686,46.76543137976662,1.8458265618954517,6.973240642972828
2002-09-26,19.20558845682851,50.12796631532221,1.3415838786733185,7.152651129143149
